{"cameraMode":{"drawMode":0,"name":"Shaded","section":"Shading Mode"},"sceneLighting":true,"audioPlay":false,"sceneViewState":{"showFog":false,"showMaterialUpdate":true,"showSkybox":true,"showFlares":true,"showImageEffects":true,"showParticleSystems":true},"in2DMode":false,"pivot":{"x":679.3156127929688,"y":-65.8200454711914,"z":670.974609375},"rotation":{"x":-0.10082681477069855,"y":-0.19032169878482819,"z":0.01963070221245289,"w":-0.9763773083686829},"size":235.7834014892578,"orthographic":false}