{"cameraMode":{"drawMode":0,"name":"Shaded","section":"Shading Mode"},"sceneLighting":true,"audioPlay":false,"sceneViewState":{"showFog":false,"showMaterialUpdate":true,"showSkybox":true,"showFlares":true,"showImageEffects":true,"showParticleSystems":true},"in2DMode":false,"pivot":{"x":386.5341491699219,"y":16.211862564086915,"z":632.9223022460938},"rotation":{"x":0.0065188840962946419,"y":-0.15744183957576753,"z":-0.001045983168296516,"w":-0.9875284433364868},"size":272.8105773925781,"orthographic":false}