{"cameraMode":{"drawMode":0,"name":"Shaded","section":"Shading Mode"},"sceneLighting":true,"audioPlay":false,"sceneViewState":{"showFog":true,"showMaterialUpdate":false,"showSkybox":true,"showFlares":true,"showImageEffects":true,"showParticleSystems":true},"in2DMode":false,"pivot":{"x":-15.535407066345215,"y":8.875015258789063,"z":-6.428130149841309},"rotation":{"x":0.038712259382009509,"y":0.7594841122627258,"z":0.045388706028461459,"w":-0.647795557975769},"size":13.088506698608399,"orthographic":false}