{"cameraMode":{"drawMode":0,"name":"Shaded","section":"Shading Mode"},"sceneLighting":true,"audioPlay":false,"sceneViewState":{"showFog":false,"showMaterialUpdate":true,"showSkybox":true,"showFlares":true,"showImageEffects":true,"showParticleSystems":true},"in2DMode":false,"pivot":{"x":646.1077880859375,"y":-412.79339599609377,"z":594.2172241210938},"rotation":{"x":-0.34785541892051699,"y":-0.34424808621406557,"z":0.139115110039711,"w":-0.860923171043396},"size":418.50213623046877,"orthographic":false}