{"cameraMode":{"drawMode":0,"name":"Shaded","section":"Shading Mode"},"sceneLighting":true,"audioPlay":false,"sceneViewState":{"showFog":false,"showMaterialUpdate":true,"showSkybox":true,"showFlares":true,"showImageEffects":true,"showParticleSystems":true},"in2DMode":false,"pivot":{"x":-179.6012420654297,"y":133.82888793945313,"z":355.61822509765627},"rotation":{"x":-0.03084998019039631,"y":-0.05477121099829674,"z":0.0016405780334025622,"w":-0.9980582594871521},"size":15.914604187011719,"orthographic":false}