{"cameraMode":{"drawMode":0,"name":"Shaded","section":"Shading Mode"},"sceneLighting":true,"audioPlay":false,"sceneViewState":{"showFog":false,"showMaterialUpdate":true,"showSkybox":true,"showFlares":true,"showImageEffects":true,"showParticleSystems":true},"in2DMode":false,"pivot":{"x":103.37255096435547,"y":106.59282684326172,"z":83.24484252929688},"rotation":{"x":0.1131964698433876,"y":-0.09819689393043518,"z":0.011243131943047047,"w":0.9886468648910523},"size":6.7304768562316898,"orthographic":false}