{"cameraMode":{"drawMode":0,"name":"Shaded","section":"Shading Mode"},"sceneLighting":true,"audioPlay":false,"sceneViewState":{"showFog":true,"showMaterialUpdate":false,"showSkybox":true,"showFlares":true,"showImageEffects":true,"showParticleSystems":true},"in2DMode":false,"pivot":{"x":4.210640907287598,"y":3.280486583709717,"z":-2.913541316986084},"rotation":{"x":0.04600689932703972,"y":0.6659724116325378,"z":-0.041219305247068408,"w":0.7434292435646057},"size":3.7069146633148195,"orthographic":false}