{"cameraMode":{"drawMode":0,"name":"Shaded","section":"Shading Mode"},"sceneLighting":false,"audioPlay":false,"sceneViewState":{"showFog":false,"showMaterialUpdate":true,"showSkybox":false,"showFlares":true,"showImageEffects":true,"showParticleSystems":true},"in2DMode":false,"pivot":{"x":6.641942024230957,"y":0.38674086332321169,"z":4.166505336761475},"rotation":{"x":-0.009431487880647183,"y":0.7156749963760376,"z":0.009659974835813046,"w":0.6983221173286438},"size":0.7581725716590881,"orthographic":false}