{"cameraMode":{"drawMode":0,"name":"Shaded","section":"Shading Mode"},"sceneLighting":true,"audioPlay":false,"sceneViewState":{"showFog":false,"showMaterialUpdate":true,"showSkybox":true,"showFlares":true,"showImageEffects":true,"showParticleSystems":true},"in2DMode":false,"pivot":{"x":-273.91058349609377,"y":65.47611999511719,"z":419.1412353515625},"rotation":{"x":0.06122894212603569,"y":0.08672616630792618,"z":-0.005340410862118006,"w":0.9943357110023499},"size":115.10975646972656,"orthographic":false}