{"cameraMode":{"drawMode":0,"name":"Shaded","section":"Shading Mode"},"sceneLighting":false,"audioPlay":false,"sceneViewState":{"showFog":true,"showMaterialUpdate":false,"showSkybox":false,"showFlares":true,"showImageEffects":true,"showParticleSystems":true},"in2DMode":false,"pivot":{"x":0.0003057718276977539,"y":0.7842187285423279,"z":0.0006593614816665649},"rotation":{"x":-0.021392343565821649,"y":0.9721874594688416,"z":-0.09833907335996628,"w":-0.21148619055747987},"size":1.7510974407196046,"orthographic":false}